product_name,sync_product_id,sync_variant_id,variant_name,catalog_variant_id,external_id,sku,price,synced
"Reform UK Sticker",390637627,4938952082,"Reform UK Sticker",10163,"68a9f9b78dd6d8","68A9F9B78D5ED","2.99",true
"Reform UK Mug",390637302,4938946337,"Reform UK Mug",1320,"68a9f81d60c2b4","68A9F81D60585","9.99",true
"Reform UK Mouse Pad",390637071,4938942751,"Reform UK Mouse Pad",13097,"68a9f6e8eeb689","68A9F6E8EE473","14.99",true
"Reform UK Water Bottle",390636972,4938941055,"Reform UK Water Bottle",20175,"68a9f6414ae5b8","68A9F6414A88B","24.99",true
"Reform UK Cap",390636644,4938937571,"Reform UK Cap / Black",7854,"68a9f52cc3d834","68A9F52CC3446_Black","19.99",true
"Reform UK Cap",390636644,4938937572,"Reform UK Cap / Navy",7857,"68a9f52cc3d899","68A9F52CC3446_Navy","19.99",true
"Reform UK Cap",390636644,4938937573,"Reform UK Cap / Dark Grey",12736,"68a9f52cc3d8f7","68A9F52CC3446_Dark-Grey","19.99",true
"Reform UK Cap",390636644,4938937574,"Reform UK Cap / Khaki",7855,"68a9f52cc3d939","68A9F52CC3446_Khaki","19.99",true
"Reform UK Cap",390636644,4938937575,"Reform UK Cap / Stone",7859,"68a9f52cc3d988","68A9F52CC3446_Stone","19.99",true
"Reform UK Cap",390636644,4938937576,"Reform UK Cap / Pink",7858,"68a9f52cc3d9d7","68A9F52CC3446_Pink","19.99",true
"Reform UK Cap",390636644,4938937577,"Reform UK Cap / Light Blue",7856,"68a9f52cc3da28","68A9F52CC3446_Light-Blue","19.99",true
"Reform UK Cap",390636644,4938937578,"Reform UK Cap / White",7853,"68a9f52cc3da68","68A9F52CC3446_White","19.99",true
"Unisex t-shirt DARK",390630122,4938821282,"Unisex t-shirt DARK / Black Heather / S",8923,"68a9daac4dc184","68A9DAAC4B6EE_Black-Heather-S","24.99",true
"Unisex t-shirt DARK",390630122,4938821283,"Unisex t-shirt DARK / Black Heather / M",8924,"68a9daac4dc201","68A9DAAC4B6EE_Black-Heather-M","24.99",true
"Unisex t-shirt DARK",390630122,4938821284,"Unisex t-shirt DARK / Black Heather / L",8925,"68a9daac4dc263","68A9DAAC4B6EE_Black-Heather-L","24.99",true
"Unisex t-shirt DARK",390630122,4938821285,"Unisex t-shirt DARK / Black Heather / XL",8926,"68a9daac4dc2a4","68A9DAAC4B6EE_Black-Heather-XL","24.99",true
"Unisex t-shirt DARK",390630122,4938821286,"Unisex t-shirt DARK / Black Heather / 2XL",8927,"68a9daac4dc2f9","68A9DAAC4B6EE_Black-Heather-2XL","24.99",true
"Unisex t-shirt DARK",390630122,4938821287,"Unisex t-shirt DARK / Black / S",4016,"68a9daac4dc349","68A9DAAC4B6EE_Black-S","24.99",true
"Unisex t-shirt DARK",390630122,4938821288,"Unisex t-shirt DARK / Black / M",4017,"68a9daac4dc395","68A9DAAC4B6EE_Black-M","24.99",true
"Unisex t-shirt DARK",390630122,4938821289,"Unisex t-shirt DARK / Black / L",4018,"68a9daac4dc3e8","68A9DAAC4B6EE_Black-L","24.99",true
"Unisex t-shirt DARK",390630122,4938821290,"Unisex t-shirt DARK / Black / XL",4019,"68a9daac4dc438","68A9DAAC4B6EE_Black-XL","24.99",true
"Unisex t-shirt DARK",390630122,4938821291,"Unisex t-shirt DARK / Black / 2XL",4020,"68a9daac4dc482","68A9DAAC4B6EE_Black-2XL","24.99",true
"Unisex t-shirt DARK",390630122,4938821292,"Unisex t-shirt DARK / Navy / S",4111,"68a9daac4dc4c4","68A9DAAC4B6EE_Navy-S","24.99",true
"Unisex t-shirt DARK",390630122,4938821293,"Unisex t-shirt DARK / Navy / M",4112,"68a9daac4dc511","68A9DAAC4B6EE_Navy-M","24.99",true
"Unisex t-shirt DARK",390630122,4938821294,"Unisex t-shirt DARK / Navy / L",4113,"68a9daac4dc564","68A9DAAC4B6EE_Navy-L","24.99",true
"Unisex t-shirt DARK",390630122,4938821295,"Unisex t-shirt DARK / Navy / XL",4114,"68a9daac4dc5b7","68A9DAAC4B6EE_Navy-XL","24.99",true
"Unisex t-shirt DARK",390630122,4938821296,"Unisex t-shirt DARK / Navy / 2XL",4115,"68a9daac4dc603","68A9DAAC4B6EE_Navy-2XL","24.99",true
"Unisex t-shirt DARK",390630122,4938821297,"Unisex t-shirt DARK / Red / S",4141,"68a9daac4dc655","68A9DAAC4B6EE_Red-S","24.99",true
"Unisex t-shirt DARK",390630122,4938821298,"Unisex t-shirt DARK / Red / M",4142,"68a9daac4dc6a7","68A9DAAC4B6EE_Red-M","24.99",true
"Unisex t-shirt DARK",390630122,4938821299,"Unisex t-shirt DARK / Red / L",4143,"68a9daac4dc6f4","68A9DAAC4B6EE_Red-L","24.99",true
"Unisex t-shirt DARK",390630122,4938821300,"Unisex t-shirt DARK / Red / XL",4144,"68a9daac4dc738","68A9DAAC4B6EE_Red-XL","24.99",true
"Unisex t-shirt DARK",390630122,4938821301,"Unisex t-shirt DARK / Red / 2XL",4145,"68a9daac4dc784","68A9DAAC4B6EE_Red-2XL","24.99",true
"Unisex t-shirt DARK",390630122,4938821302,"Unisex t-shirt DARK / Dark Grey Heather / S",8460,"68a9daac4dc7d6","68A9DAAC4B6EE_Dark-Grey-Heather-S","24.99",true
"Unisex t-shirt DARK",390630122,4938821303,"Unisex t-shirt DARK / Dark Grey Heather / M",8461,"68a9daac4dc864","68A9DAAC4B6EE_Dark-Grey-Heather-M","24.99",true
"Unisex t-shirt DARK",390630122,4938821304,"Unisex t-shirt DARK / Dark Grey Heather / L",8462,"68a9daac4dc8b2","68A9DAAC4B6EE_Dark-Grey-Heather-L","24.99",true
"Unisex t-shirt DARK",390630122,4938821305,"Unisex t-shirt DARK / Dark Grey Heather / XL",8463,"68a9daac4dc904","68A9DAAC4B6EE_Dark-Grey-Heather-XL","24.99",true
"Unisex t-shirt DARK",390630122,4938821306,"Unisex t-shirt DARK / Dark Grey Heather / 2XL",8464,"68a9daac4dc952","68A9DAAC4B6EE_Dark-Grey-Heather-2XL","24.99",true
"Unisex t-shirt DARK",390630122,4938821307,"Unisex t-shirt DARK / Asphalt / S",4031,"68a9daac4dc997","68A9DAAC4B6EE_Asphalt-S","24.99",true
"Unisex t-shirt DARK",390630122,4938821308,"Unisex t-shirt DARK / Asphalt / M",4032,"68a9daac4dc9e2","68A9DAAC4B6EE_Asphalt-M","24.99",true
"Unisex t-shirt DARK",390630122,4938821309,"Unisex t-shirt DARK / Asphalt / L",4033,"68a9daac4dca33","68A9DAAC4B6EE_Asphalt-L","24.99",true
"Unisex t-shirt DARK",390630122,4938821310,"Unisex t-shirt DARK / Asphalt / XL",4034,"68a9daac4dca85","68A9DAAC4B6EE_Asphalt-XL","24.99",true
"Unisex t-shirt DARK",390630122,4938821311,"Unisex t-shirt DARK / Asphalt / 2XL",4035,"68a9daac4dcad1","68A9DAAC4B6EE_Asphalt-2XL","24.99",true
"Unisex t-shirt DARK",390630122,4938821312,"Unisex t-shirt DARK / Army / S",8440,"68a9daac4dcb25","68A9DAAC4B6EE_Army-S","24.99",true
"Unisex t-shirt DARK",390630122,4938821313,"Unisex t-shirt DARK / Army / M",8441,"68a9daac4dcb79","68A9DAAC4B6EE_Army-M","24.99",true
"Unisex t-shirt DARK",390630122,4938821314,"Unisex t-shirt DARK / Army / L",8442,"68a9daac4dcbc1","68A9DAAC4B6EE_Army-L","24.99",true
"Unisex t-shirt DARK",390630122,4938821315,"Unisex t-shirt DARK / Army / XL",8443,"68a9daac4dcc04","68A9DAAC4B6EE_Army-XL","24.99",true
"Unisex t-shirt DARK",390630122,4938821316,"Unisex t-shirt DARK / Army / 2XL",8444,"68a9daac4dcc52","68A9DAAC4B6EE_Army-2XL","24.99",true
"Unisex t-shirt DARK",390630122,4938821317,"Unisex t-shirt DARK / Olive / S",4121,"68a9daac4dccb2","68A9DAAC4B6EE_Olive-S","24.99",true
"Unisex t-shirt DARK",390630122,4938821318,"Unisex t-shirt DARK / Olive / M",4122,"68a9daac4dccf5","68A9DAAC4B6EE_Olive-M","24.99",true
"Unisex t-shirt DARK",390630122,4938821319,"Unisex t-shirt DARK / Olive / L",4123,"68a9daac4dcd47","68A9DAAC4B6EE_Olive-L","24.99",true
"Unisex t-shirt DARK",390630122,4938821320,"Unisex t-shirt DARK / Olive / XL",4124,"68a9daac4dcd98","68A9DAAC4B6EE_Olive-XL","24.99",true
"Unisex t-shirt DARK",390630122,4938821321,"Unisex t-shirt DARK / Olive / 2XL",4125,"68a9daac4dcde6","68A9DAAC4B6EE_Olive-2XL","24.99",true
"Unisex t-shirt DARK",390630122,4938821322,"Unisex t-shirt DARK / Autumn / S",10384,"68a9daac4dce36","68A9DAAC4B6EE_Autumn-S","24.99",true
"Unisex t-shirt DARK",390630122,4938821323,"Unisex t-shirt DARK / Autumn / M",10385,"68a9daac4dce81","68A9DAAC4B6EE_Autumn-M","24.99",true
"Unisex t-shirt DARK",390630122,4938821324,"Unisex t-shirt DARK / Autumn / L",10386,"68a9daac4dcee9","68A9DAAC4B6EE_Autumn-L","24.99",true
"Unisex t-shirt DARK",390630122,4938821325,"Unisex t-shirt DARK / Autumn / XL",10387,"68a9daac4dcf23","68A9DAAC4B6EE_Autumn-XL","24.99",true
"Unisex t-shirt DARK",390630122,4938821326,"Unisex t-shirt DARK / Autumn / 2XL",10388,"68a9daac4dcf77","68A9DAAC4B6EE_Autumn-2XL","24.99",true
"Unisex t-shirt DARK",390630122,4938821327,"Unisex t-shirt DARK / Heather Deep Teal / S",8481,"68a9daac4dcfd5","68A9DAAC4B6EE_Heather-Deep-Teal-S","24.99",true
"Unisex t-shirt DARK",390630122,4938821328,"Unisex t-shirt DARK / Heather Deep Teal / M",8482,"68a9daac4dd018","68A9DAAC4B6EE_Heather-Deep-Teal-M","24.99",true
"Unisex t-shirt DARK",390630122,4938821329,"Unisex t-shirt DARK / Heather Deep Teal / L",8483,"68a9daac4dd068","68A9DAAC4B6EE_Heather-Deep-Teal-L","24.99",true
"Unisex t-shirt DARK",390630122,4938821330,"Unisex t-shirt DARK / Heather Deep Teal / XL",8484,"68a9daac4dd0b3","68A9DAAC4B6EE_Heather-Deep-Teal-XL","24.99",true
"Unisex t-shirt DARK",390630122,4938821331,"Unisex t-shirt DARK / Heather Deep Teal / 2XL",8485,"68a9daac4dd102","68A9DAAC4B6EE_Heather-Deep-Teal-2XL","24.99",true
"Unisex t-shirt DARK",390630122,4938821332,"Unisex t-shirt DARK / Mauve / S",9395,"68a9daac4dd149","68A9DAAC4B6EE_Mauve-S","24.99",true
"Unisex t-shirt DARK",390630122,4938821333,"Unisex t-shirt DARK / Mauve / M",9396,"68a9daac4dd197","68A9DAAC4B6EE_Mauve-M","24.99",true
"Unisex t-shirt DARK",390630122,4938821334,"Unisex t-shirt DARK / Mauve / L",9397,"68a9daac4dd1e9","68A9DAAC4B6EE_Mauve-L","24.99",true
"Unisex t-shirt DARK",390630122,4938821335,"Unisex t-shirt DARK / Mauve / XL",9398,"68a9daac4dd236","68A9DAAC4B6EE_Mauve-XL","24.99",true
"Unisex t-shirt DARK",390630122,4938821336,"Unisex t-shirt DARK / Mauve / 2XL",9399,"68a9daac4dd283","68A9DAAC4B6EE_Mauve-2XL","24.99",true
"Unisex t-shirt DARK",390630122,4938821337,"Unisex t-shirt DARK / Steel Blue / S",4161,"68a9daac4dd2d1","68A9DAAC4B6EE_Steel-Blue-S","24.99",true
"Unisex t-shirt DARK",390630122,4938821338,"Unisex t-shirt DARK / Steel Blue / M",4162,"68a9daac4dd321","68A9DAAC4B6EE_Steel-Blue-M","24.99",true
"Unisex t-shirt DARK",390630122,4938821339,"Unisex t-shirt DARK / Steel Blue / L",4163,"68a9daac4dd376","68A9DAAC4B6EE_Steel-Blue-L","24.99",true
"Unisex t-shirt DARK",390630122,4938821340,"Unisex t-shirt DARK / Steel Blue / XL",4164,"68a9daac4dd3c2","68A9DAAC4B6EE_Steel-Blue-XL","24.99",true
"Unisex t-shirt DARK",390630122,4938821341,"Unisex t-shirt DARK / Steel Blue / 2XL",4165,"68a9daac4dd416","68A9DAAC4B6EE_Steel-Blue-2XL","24.99",true
"Unisex t-shirt LIGHT",390629811,4938814128,"Unisex t-shirt LIGHT / Mustard / S",10376,"68a9d8c287b9e7","68A9D8C285411_Mustard-S","24.99",true
"Unisex t-shirt LIGHT",390629811,4938814129,"Unisex t-shirt LIGHT / Mustard / M",10377,"68a9d8c287ba54","68A9D8C285411_Mustard-M","24.99",true
"Unisex t-shirt LIGHT",390629811,4938814130,"Unisex t-shirt LIGHT / Mustard / L",10378,"68a9d8c287bab6","68A9D8C285411_Mustard-L","24.99",true
"Unisex t-shirt LIGHT",390629811,4938814131,"Unisex t-shirt LIGHT / Mustard / XL",10379,"68a9d8c287bb05","68A9D8C285411_Mustard-XL","24.99",true
"Unisex t-shirt LIGHT",390629811,4938814132,"Unisex t-shirt LIGHT / Mustard / 2XL",10380,"68a9d8c287bb52","68A9D8C285411_Mustard-2XL","24.99",true
"Unisex t-shirt LIGHT",390629811,4938814133,"Unisex t-shirt LIGHT / Heather Prism Peach / S",9367,"68a9d8c287bba4","68A9D8C285411_Heather-Prism-Peach-S","24.99",true
"Unisex t-shirt LIGHT",390629811,4938814134,"Unisex t-shirt LIGHT / Heather Prism Peach / M",9368,"68a9d8c287bbe7","68A9D8C285411_Heather-Prism-Peach-M","24.99",true
"Unisex t-shirt LIGHT",390629811,4938814135,"Unisex t-shirt LIGHT / Heather Prism Peach / L",9369,"68a9d8c287bc39","68A9D8C285411_Heather-Prism-Peach-L","24.99",true
"Unisex t-shirt LIGHT",390629811,4938814136,"Unisex t-shirt LIGHT / Heather Prism Peach / XL",9370,"68a9d8c287bc83","68A9D8C285411_Heather-Prism-Peach-XL","24.99",true
"Unisex t-shirt LIGHT",390629811,4938814137,"Unisex t-shirt LIGHT / Heather Prism Peach / 2XL",9371,"68a9d8c287bcd5","68A9D8C285411_Heather-Prism-Peach-2XL","24.99",true
"Unisex t-shirt LIGHT",390629811,4938814138,"Unisex t-shirt LIGHT / Pink / S",4136,"68a9d8c287bd24","68A9D8C285411_Pink-S","24.99",true
"Unisex t-shirt LIGHT",390629811,4938814139,"Unisex t-shirt LIGHT / Pink / M",4137,"68a9d8c287bd79","68A9D8C285411_Pink-M","24.99",true
"Unisex t-shirt LIGHT",390629811,4938814140,"Unisex t-shirt LIGHT / Pink / L",4138,"68a9d8c287bdc6","68A9D8C285411_Pink-L","24.99",true
"Unisex t-shirt LIGHT",390629811,4938814141,"Unisex t-shirt LIGHT / Pink / XL",4139,"68a9d8c287be03","68A9D8C285411_Pink-XL","24.99",true
"Unisex t-shirt LIGHT",390629811,4938814142,"Unisex t-shirt LIGHT / Pink / 2XL",4140,"68a9d8c287be52","68A9D8C285411_Pink-2XL","24.99",true
"Unisex t-shirt LIGHT",390629811,4938814143,"Unisex t-shirt LIGHT / Athletic Heather / S",6948,"68a9d8c287bea5","68A9D8C285411_Athletic-Heather-S","24.99",true
"Unisex t-shirt LIGHT",390629811,4938814144,"Unisex t-shirt LIGHT / Athletic Heather / M",6949,"68a9d8c287bee3","68A9D8C285411_Athletic-Heather-M","24.99",true
"Unisex t-shirt LIGHT",390629811,4938814145,"Unisex t-shirt LIGHT / Athletic Heather / L",6950,"68a9d8c287bf32","68A9D8C285411_Athletic-Heather-L","24.99",true
"Unisex t-shirt LIGHT",390629811,4938814146,"Unisex t-shirt LIGHT / Athletic Heather / XL",6951,"68a9d8c287bf85","68A9D8C285411_Athletic-Heather-XL","24.99",true
"Unisex t-shirt LIGHT",390629811,4938814147,"Unisex t-shirt LIGHT / Athletic Heather / 2XL",6952,"68a9d8c287bfc6","68A9D8C285411_Athletic-Heather-2XL","24.99",true
"Unisex t-shirt LIGHT",390629811,4938814148,"Unisex t-shirt LIGHT / Yellow / S",4181,"68a9d8c287c017","68A9D8C285411_Yellow-S","24.99",true
"Unisex t-shirt LIGHT",390629811,4938814149,"Unisex t-shirt LIGHT / Yellow / M",4182,"68a9d8c287c063","68A9D8C285411_Yellow-M","24.99",true
"Unisex t-shirt LIGHT",390629811,4938814150,"Unisex t-shirt LIGHT / Yellow / L",4183,"68a9d8c287c0b3","68A9D8C285411_Yellow-L","24.99",true
"Unisex t-shirt LIGHT",390629811,4938814151,"Unisex t-shirt LIGHT / Yellow / XL",4184,"68a9d8c287c0f2","68A9D8C285411_Yellow-XL","24.99",true
"Unisex t-shirt LIGHT",390629811,4938814152,"Unisex t-shirt LIGHT / Yellow / 2XL",4185,"68a9d8c287c149","68A9D8C285411_Yellow-2XL","24.99",true
"Unisex t-shirt LIGHT",390629811,4938814153,"Unisex t-shirt LIGHT / Heather Dust / S",10360,"68a9d8c287c195","68A9D8C285411_Heather-Dust-S","24.99",true
"Unisex t-shirt LIGHT",390629811,4938814154,"Unisex t-shirt LIGHT / Heather Dust / M",10361,"68a9d8c287c1e1","68A9D8C285411_Heather-Dust-M","24.99",true
"Unisex t-shirt LIGHT",390629811,4938814155,"Unisex t-shirt LIGHT / Heather Dust / L",10362,"68a9d8c287c226","68A9D8C285411_Heather-Dust-L","24.99",true
"Unisex t-shirt LIGHT",390629811,4938814156,"Unisex t-shirt LIGHT / Heather Dust / XL",10363,"68a9d8c287c272","68A9D8C285411_Heather-Dust-XL","24.99",true
"Unisex t-shirt LIGHT",390629811,4938814157,"Unisex t-shirt LIGHT / Heather Dust / 2XL",10364,"68a9d8c287c2c5","68A9D8C285411_Heather-Dust-2XL","24.99",true
"Unisex t-shirt LIGHT",390629811,4938814158,"Unisex t-shirt LIGHT / Ash / S",4026,"68a9d8c287c311","68A9D8C285411_Ash-S","24.99",true
"Unisex t-shirt LIGHT",390629811,4938814159,"Unisex t-shirt LIGHT / Ash / M",4027,"68a9d8c287c367","68A9D8C285411_Ash-M","24.99",true
"Unisex t-shirt LIGHT",390629811,4938814160,"Unisex t-shirt LIGHT / Ash / L",4028,"68a9d8c287c3b2","68A9D8C285411_Ash-L","24.99",true
"Unisex t-shirt LIGHT",390629811,4938814161,"Unisex t-shirt LIGHT / Ash / XL",4029,"68a9d8c287c409","68A9D8C285411_Ash-XL","24.99",true
"Unisex t-shirt LIGHT",390629811,4938814162,"Unisex t-shirt LIGHT / Ash / 2XL",4030,"68a9d8c287c443","68A9D8C285411_Ash-2XL","24.99",true
"Unisex t-shirt LIGHT",390629811,4938814163,"Unisex t-shirt LIGHT / White / S",4011,"68a9d8c287c495","68A9D8C285411_White-S","24.99",true
"Unisex t-shirt LIGHT",390629811,4938814164,"Unisex t-shirt LIGHT / White / M",4012,"68a9d8c287c4e9","68A9D8C285411_White-M","24.99",true
"Unisex t-shirt LIGHT",390629811,4938814165,"Unisex t-shirt LIGHT / White / L",4013,"68a9d8c287c535","68A9D8C285411_White-L","24.99",true
"Unisex t-shirt LIGHT",390629811,4938814166,"Unisex t-shirt LIGHT / White / XL",4014,"68a9d8c287c584","68A9D8C285411_White-XL","24.99",true
"Unisex t-shirt LIGHT",390629811,4938814167,"Unisex t-shirt LIGHT / White / 2XL",4015,"68a9d8c287c5d4","68A9D8C285411_White-2XL","24.99",true
"Unisex Hoodie DARK",390628740,4938800533,"Unisex Hoodie DARK / Black / S",5530,"68a9d381e56616","68A9D381E3A30_Black-S","39.99",true
"Unisex Hoodie DARK",390628740,4938800534,"Unisex Hoodie DARK / Black / M",5531,"68a9d381e56696","68A9D381E3A30_Black-M","39.99",true
"Unisex Hoodie DARK",390628740,4938800535,"Unisex Hoodie DARK / Black / L",5532,"68a9d381e566e2","68A9D381E3A30_Black-L","39.99",true
"Unisex Hoodie DARK",390628740,4938800536,"Unisex Hoodie DARK / Black / XL",5533,"68a9d381e56741","68A9D381E3A30_Black-XL","39.99",true
"Unisex Hoodie DARK",390628740,4938800537,"Unisex Hoodie DARK / Black / 2XL",5534,"68a9d381e56797","68A9D381E3A30_Black-2XL","39.99",true
"Unisex Hoodie DARK",390628740,4938800538,"Unisex Hoodie DARK / Navy / S",5594,"68a9d381e567e5","68A9D381E3A30_Navy-S","39.99",true
"Unisex Hoodie DARK",390628740,4938800539,"Unisex Hoodie DARK / Navy / M",5595,"68a9d381e56833","68A9D381E3A30_Navy-M","39.99",true
"Unisex Hoodie DARK",390628740,4938800540,"Unisex Hoodie DARK / Navy / L",5596,"68a9d381e56881","68A9D381E3A30_Navy-L","39.99",true
"Unisex Hoodie DARK",390628740,4938800541,"Unisex Hoodie DARK / Navy / XL",5597,"68a9d381e568d2","68A9D381E3A30_Navy-XL","39.99",true
"Unisex Hoodie DARK",390628740,4938800542,"Unisex Hoodie DARK / Navy / 2XL",5598,"68a9d381e56925","68A9D381E3A30_Navy-2XL","39.99",true
"Unisex Hoodie DARK",390628740,4938800543,"Unisex Hoodie DARK / Red / S",5538,"68a9d381e56976","68A9D381E3A30_Red-S","39.99",true
"Unisex Hoodie DARK",390628740,4938800544,"Unisex Hoodie DARK / Red / M",5539,"68a9d381e569c2","68A9D381E3A30_Red-M","39.99",true
"Unisex Hoodie DARK",390628740,4938800545,"Unisex Hoodie DARK / Red / L",5540,"68a9d381e56a15","68A9D381E3A30_Red-L","39.99",true
"Unisex Hoodie DARK",390628740,4938800546,"Unisex Hoodie DARK / Red / XL",5541,"68a9d381e56a63","68A9D381E3A30_Red-XL","39.99",true
"Unisex Hoodie DARK",390628740,4938800547,"Unisex Hoodie DARK / Red / 2XL",5542,"68a9d381e56ac9","68A9D381E3A30_Red-2XL","39.99",true
"Unisex Hoodie DARK",390628740,4938800548,"Unisex Hoodie DARK / Dark Heather / S",10806,"68a9d381e56b11","68A9D381E3A30_Dark-Heather-S","39.99",true
"Unisex Hoodie DARK",390628740,4938800549,"Unisex Hoodie DARK / Dark Heather / M",10807,"68a9d381e56b63","68A9D381E3A30_Dark-Heather-M","39.99",true
"Unisex Hoodie DARK",390628740,4938800550,"Unisex Hoodie DARK / Dark Heather / L",10808,"68a9d381e56ba3","68A9D381E3A30_Dark-Heather-L","39.99",true
"Unisex Hoodie DARK",390628740,4938800551,"Unisex Hoodie DARK / Dark Heather / XL",10809,"68a9d381e56bf2","68A9D381E3A30_Dark-Heather-XL","39.99",true
"Unisex Hoodie DARK",390628740,4938800552,"Unisex Hoodie DARK / Dark Heather / 2XL",10810,"68a9d381e56c57","68A9D381E3A30_Dark-Heather-2XL","39.99",true
"Unisex Hoodie DARK",390628740,4938800553,"Unisex Hoodie DARK / Indigo Blue / S",5562,"68a9d381e56ca1","68A9D381E3A30_Indigo-Blue-S","39.99",true
"Unisex Hoodie DARK",390628740,4938800554,"Unisex Hoodie DARK / Indigo Blue / M",5563,"68a9d381e56cf5","68A9D381E3A30_Indigo-Blue-M","39.99",true
"Unisex Hoodie DARK",390628740,4938800555,"Unisex Hoodie DARK / Indigo Blue / L",5564,"68a9d381e56d44","68A9D381E3A30_Indigo-Blue-L","39.99",true
"Unisex Hoodie DARK",390628740,4938800556,"Unisex Hoodie DARK / Indigo Blue / XL",5565,"68a9d381e56d98","68A9D381E3A30_Indigo-Blue-XL","39.99",true
"Unisex Hoodie DARK",390628740,4938800557,"Unisex Hoodie DARK / Indigo Blue / 2XL",5566,"68a9d381e56de2","68A9D381E3A30_Indigo-Blue-2XL","39.99",true
"Unisex Hoodie LIGHT",390628620,4938797545,"Unisex Hoodie LIGHT / Sport Grey / S",5610,"68a9d27b1582a6","68A9D27B147EF_Sport-Grey-S","39.99",true
"Unisex Hoodie LIGHT",390628620,4938797546,"Unisex Hoodie LIGHT / Sport Grey / M",5611,"68a9d27b158311","68A9D27B147EF_Sport-Grey-M","39.99",true
"Unisex Hoodie LIGHT",390628620,4938797547,"Unisex Hoodie LIGHT / Sport Grey / L",5612,"68a9d27b158375","68A9D27B147EF_Sport-Grey-L","39.99",true
"Unisex Hoodie LIGHT",390628620,4938797548,"Unisex Hoodie LIGHT / Sport Grey / XL",5613,"68a9d27b1583b6","68A9D27B147EF_Sport-Grey-XL","39.99",true
"Unisex Hoodie LIGHT",390628620,4938797549,"Unisex Hoodie LIGHT / Sport Grey / 2XL",5614,"68a9d27b158405","68A9D27B147EF_Sport-Grey-2XL","39.99",true
"Unisex Hoodie LIGHT",390628620,4938797550,"Unisex Hoodie LIGHT / Light Blue / S",10841,"68a9d27b158456","68A9D27B147EF_Light-Blue-S","39.99",true
"Unisex Hoodie LIGHT",390628620,4938797551,"Unisex Hoodie LIGHT / Light Blue / M",10842,"68a9d27b1584a1","68A9D27B147EF_Light-Blue-M","39.99",true
"Unisex Hoodie LIGHT",390628620,4938797552,"Unisex Hoodie LIGHT / Light Blue / L",10843,"68a9d27b1584e2","68A9D27B147EF_Light-Blue-L","39.99",true
"Unisex Hoodie LIGHT",390628620,4938797553,"Unisex Hoodie LIGHT / Light Blue / XL",10844,"68a9d27b158534","68A9D27B147EF_Light-Blue-XL","39.99",true
"Unisex Hoodie LIGHT",390628620,4938797554,"Unisex Hoodie LIGHT / Light Blue / 2XL",10845,"68a9d27b158581","68A9D27B147EF_Light-Blue-2XL","39.99",true
"Unisex Hoodie LIGHT",390628620,4938797555,"Unisex Hoodie LIGHT / Light Pink / S",10849,"68a9d27b158626","68A9D27B147EF_Light-Pink-S","39.99",true
"Unisex Hoodie LIGHT",390628620,4938797556,"Unisex Hoodie LIGHT / Light Pink / M",10850,"68a9d27b158663","68A9D27B147EF_Light-Pink-M","39.99",true
"Unisex Hoodie LIGHT",390628620,4938797557,"Unisex Hoodie LIGHT / Light Pink / L",10851,"68a9d27b1586b2","68A9D27B147EF_Light-Pink-L","39.99",true
"Unisex Hoodie LIGHT",390628620,4938797558,"Unisex Hoodie LIGHT / Light Pink / XL",10852,"68a9d27b158707","68A9D27B147EF_Light-Pink-XL","39.99",true
"Unisex Hoodie LIGHT",390628620,4938797559,"Unisex Hoodie LIGHT / Light Pink / 2XL",10853,"68a9d27b158746","68A9D27B147EF_Light-Pink-2XL","39.99",true
"Unisex Hoodie LIGHT",390628620,4938797560,"Unisex Hoodie LIGHT / White / S",5522,"68a9d27b158796","68A9D27B147EF_White-S","39.99",true
"Unisex Hoodie LIGHT",390628620,4938797561,"Unisex Hoodie LIGHT / White / M",5523,"68a9d27b1587d6","68A9D27B147EF_White-M","39.99",true
"Unisex Hoodie LIGHT",390628620,4938797562,"Unisex Hoodie LIGHT / White / L",5524,"68a9d27b158827","68A9D27B147EF_White-L","39.99",true
"Unisex Hoodie LIGHT",390628620,4938797563,"Unisex Hoodie LIGHT / White / XL",5525,"68a9d27b158863","68A9D27B147EF_White-XL","39.99",true
"Unisex Hoodie LIGHT",390628620,4938797564,"Unisex Hoodie LIGHT / White / 2XL",5526,"68a9d27b1588b1","68A9D27B147EF_White-2XL","39.99",true
"Reform UK Tote Bag",390552402,4937855201,"Reform UK Tote Bag",10457,"68a8a3b526d2f1","68A8A3B526732","24.99",true