id,product_id,name,value,printful_variant_id,price,in_stock,is_available,color,color_hex,design,size,created_at,updated_at,color_name,color_hex_code,size_name
00062dcf-c0de-4237-9a84-6ce2241a2474,41412063-9f04-42ef-aafd-9800a47238ae,Unisex Hoodie LIGHT / Light Pink / M,Light Pink-M,4938797556,39.99,true,true,Light Pink,#f3d4e3,,M,2025-09-01 03:59:48.144924+00,2025-09-02 04:57:36.088816+00,Light Pink,,M
00db66e6-7ade-4c61-9169-feaa5ecf817a,29b2e16a-39e8-4322-aaf1-0529b3973212,Reform UK Cap / Black,Black-One Size,4938937571,19.99,true,true,Black,#181717,,One Size,2025-09-01 03:59:02.060257+00,2025-09-02 04:57:36.088816+00,Black,,One Size
046bd120-18dc-4db9-902b-84ba17a96444,41412063-9f04-42ef-aafd-9800a47238ae,Unisex Hoodie LIGHT / Light Pink / XL,Light Pink-XL,4938797558,39.99,true,true,Light Pink,#f3d4e3,,XL,2025-09-01 03:59:48.144924+00,2025-09-02 04:57:36.088816+00,Light Pink,,XL
050e8492-cab7-47ab-a4dd-68f6203dd4c0,583bc73c-fdd4-4c53-aeb8-a39b73e1371c,Unisex t-shirt LIGHT / Athletic Heather / M,Athletic Heather-M,4938814144,24.99,true,true,Athletic Heather,#cececc,,M,2025-09-01 03:59:24.176924+00,2025-09-02 04:57:36.088816+00,Athletic Heather,,M
066d468c-9dd7-4630-b9a1-b34fd92e1462,29b2e16a-39e8-4322-aaf1-0529b3973212,Reform UK Cap / Navy,Navy-One Size,4938937572,19.99,true,true,Navy,#182031,,One Size,2025-09-01 03:59:02.060257+00,2025-09-02 04:57:36.088816+00,Navy,,One Size
06ea02d4-1966-4cee-a0a7-640448a3a9e0,583bc73c-fdd4-4c53-aeb8-a39b73e1371c,Unisex t-shirt LIGHT / Heather Dust / S,Heather Dust-S,4938814153,24.99,true,true,Heather Dust,#e5d9c9,,S,2025-09-01 03:59:24.176924+00,2025-09-02 04:57:36.088816+00,Heather Dust,,S
08806313-0ee7-4006-a8ac-104dde64fc25,41412063-9f04-42ef-aafd-9800a47238ae,Unisex Hoodie LIGHT / White / M,White-M,4938797561,39.99,true,true,White,#ffffff,,M,2025-09-01 03:59:48.144924+00,2025-09-02 04:57:36.088816+00,White,,M
0a575c2f-ab4f-4258-a7da-e04345f9ae4f,583bc73c-fdd4-4c53-aeb8-a39b73e1371c,Unisex t-shirt LIGHT / Yellow / 2XL,Yellow-2XL,4938814152,24.99,true,true,Yellow,#ffd667,,2XL,2025-09-01 03:59:24.176924+00,2025-09-02 04:57:36.088816+00,Yellow,,2XL
0b3c8164-2383-4ea5-a471-f95046e5222a,814074c6-e88d-4505-9089-6ac04124ea23,Unisex t-shirt DARK / Heather Deep Teal / L,Heather Deep Teal-L,4938821329,24.99,true,true,Heather Deep Teal,#447085,,L,2025-09-01 04:00:27.309073+00,2025-09-02 04:57:36.088816+00,Heather Deep Teal,,L
0bc03427-b35d-47a8-bd9d-48976019a59d,5889188a-e6c9-4161-96fa-c370a2a3c89b,Unisex Hoodie DARK / Navy / S,Navy-S,4938800538,39.99,true,true,Navy,#131928,,S,2025-09-01 03:59:38.006621+00,2025-09-02 04:57:36.088816+00,Navy,,S
0d17f9b7-cb23-472b-b467-f72aea97d8d8,5889188a-e6c9-4161-96fa-c370a2a3c89b,Unisex Hoodie DARK / Navy / 2XL,Navy-2XL,4938800542,39.99,true,true,Navy,#131928,,2XL,2025-09-01 03:59:38.006621+00,2025-09-02 04:57:36.088816+00,Navy,,2XL
0df56136-4f13-4135-8426-dce8910ef819,814074c6-e88d-4505-9089-6ac04124ea23,Unisex t-shirt DARK / Dark Grey Heather / L,Dark Grey Heather-L,4938821304,24.99,true,true,Dark Grey Heather,#3E3C3D,,L,2025-09-01 04:00:27.309073+00,2025-09-02 04:57:36.088816+00,Dark Grey Heather,,L
0f8a4b35-906b-4abb-b454-010fd78cc367,41412063-9f04-42ef-aafd-9800a47238ae,Unisex Hoodie LIGHT / White / XL,White-XL,4938797563,39.99,true,true,White,#ffffff,,XL,2025-09-01 03:59:48.144924+00,2025-09-02 04:57:36.088816+00,White,,XL
10744d7b-fe0f-4c7c-813a-140e886be063,814074c6-e88d-4505-9089-6ac04124ea23,Unisex t-shirt DARK / Mauve / S,Mauve-S,4938821332,24.99,true,true,Mauve,#bf6e6e,,S,2025-09-01 04:00:27.309073+00,2025-09-02 04:57:36.088816+00,Mauve,,S
12819010-a29d-431f-be5c-4cde0faec624,583bc73c-fdd4-4c53-aeb8-a39b73e1371c,Unisex t-shirt LIGHT / Yellow / M,Yellow-M,4938814149,24.99,true,true,Yellow,#ffd667,,M,2025-09-01 03:59:24.176924+00,2025-09-02 04:57:36.088816+00,Yellow,,M
135bacfe-fae5-45ff-b7f5-2b7176cd1d8d,583bc73c-fdd4-4c53-aeb8-a39b73e1371c,Unisex t-shirt LIGHT / Mustard / S,Mustard-S,4938814128,24.99,true,true,Mustard,#eda027,,S,2025-09-01 03:59:24.176924+00,2025-09-02 04:57:36.088816+00,Mustard,,S
13753aa5-f837-42ee-b992-eddba22b20d3,583bc73c-fdd4-4c53-aeb8-a39b73e1371c,Unisex t-shirt LIGHT / Heather Prism Peach / XL,Heather Prism Peach-XL,4938814136,24.99,true,true,Heather Prism Peach,#f3c2b2,,XL,2025-09-01 03:59:24.176924+00,2025-09-02 04:57:36.088816+00,Heather Prism Peach,,XL
16419cf5-a975-4413-9d1c-e6e53a901dcd,814074c6-e88d-4505-9089-6ac04124ea23,Unisex t-shirt DARK / Autumn / XL,Autumn-XL,4938821325,24.99,true,true,Autumn,#c85313,,XL,2025-09-01 04:00:27.309073+00,2025-09-02 04:57:36.088816+00,Autumn,,XL
1e13ff0a-f8cc-47a7-b139-ccdd7caf4caf,5889188a-e6c9-4161-96fa-c370a2a3c89b,Unisex Hoodie DARK / Indigo Blue / XL,Indigo Blue-XL,4938800556,39.99,true,true,Indigo Blue,#395d82,,XL,2025-09-01 03:59:38.006621+00,2025-09-02 04:57:36.088816+00,Indigo Blue,,XL
21c274e0-f9ca-4873-aedc-14508a39d806,41412063-9f04-42ef-aafd-9800a47238ae,Unisex Hoodie LIGHT / Sport Grey / XL,Sport Grey-XL,4938797548,39.99,true,true,Sport Grey,#9b969c,,XL,2025-09-01 03:59:48.144924+00,2025-09-02 04:57:36.088816+00,Sport Grey,,XL
242800ca-2fba-4129-b57e-07465227bf32,5889188a-e6c9-4161-96fa-c370a2a3c89b,Unisex Hoodie DARK / Navy / XL,Navy-XL,4938800541,39.99,true,true,Navy,#131928,,XL,2025-09-01 03:59:38.006621+00,2025-09-02 04:57:36.088816+00,Navy,,XL
25453f4a-b0fe-460e-b74d-c40375fae3d6,583bc73c-fdd4-4c53-aeb8-a39b73e1371c,Unisex t-shirt LIGHT / Heather Prism Peach / L,Heather Prism Peach-L,4938814135,24.99,true,true,Heather Prism Peach,#f3c2b2,,L,2025-09-01 03:59:24.176924+00,2025-09-02 04:57:36.088816+00,Heather Prism Peach,,L
259074f0-368f-497f-86de-0bf054871067,814074c6-e88d-4505-9089-6ac04124ea23,Unisex t-shirt DARK / Asphalt / XL,Asphalt-XL,4938821310,24.99,true,true,Asphalt,#52514f,,XL,2025-09-01 04:00:27.309073+00,2025-09-02 04:57:36.088816+00,Asphalt,,XL
28228277-2b8a-4cc4-9615-cb37342f49ef,29b2e16a-39e8-4322-aaf1-0529b3973212,Reform UK Cap / Light Blue,Light Blue-One Size,4938937577,19.99,true,true,Light Blue,#b5cbda,,One Size,2025-09-01 03:59:02.060257+00,2025-09-02 04:57:36.088816+00,Light Blue,,One Size
2a6911b2-e5c7-4ed9-be11-d45b6bc3a81c,41412063-9f04-42ef-aafd-9800a47238ae,Unisex Hoodie LIGHT / White / S,White-S,4938797560,39.99,true,true,White,#ffffff,,S,2025-09-01 03:59:48.144924+00,2025-09-02 04:57:36.088816+00,White,,S
2c5bd239-32f2-4030-b924-6dece773b7e7,814074c6-e88d-4505-9089-6ac04124ea23,Unisex t-shirt DARK / Asphalt / S,Asphalt-S,4938821307,24.99,true,true,Asphalt,#52514f,,S,2025-09-01 04:00:27.309073+00,2025-09-02 04:57:36.088816+00,Asphalt,,S
2fd92b40-892a-468e-a6ce-d853e9a6b960,583bc73c-fdd4-4c53-aeb8-a39b73e1371c,Unisex t-shirt LIGHT / Heather Prism Peach / M,Heather Prism Peach-M,4938814134,24.99,true,true,Heather Prism Peach,#f3c2b2,,M,2025-09-01 03:59:24.176924+00,2025-09-02 04:57:36.088816+00,Heather Prism Peach,,M
310716eb-e640-4cf5-b64f-dfc9f9b58b35,583bc73c-fdd4-4c53-aeb8-a39b73e1371c,Unisex t-shirt LIGHT / Ash / S,Ash-S,4938814158,24.99,true,true,Ash,#f0f1ea,,S,2025-09-01 03:59:24.176924+00,2025-09-02 04:57:36.088816+00,Ash,,S
34bf908c-eb2c-4d0b-a9fa-915ef2027372,814074c6-e88d-4505-9089-6ac04124ea23,Unisex t-shirt DARK / Army / L,Army-L,4938821314,24.99,true,true,Army,#5f5849,,L,2025-09-01 04:00:27.309073+00,2025-09-02 04:57:36.088816+00,Army,,L
35157c47-cc2d-4050-9304-bf0d90502aaf,5889188a-e6c9-4161-96fa-c370a2a3c89b,Unisex Hoodie DARK / Indigo Blue / L,Indigo Blue-L,4938800555,39.99,true,true,Indigo Blue,#395d82,,L,2025-09-01 03:59:38.006621+00,2025-09-02 04:57:36.088816+00,Indigo Blue,,L
390fbaf4-dc64-4211-ada7-1a4326c234b3,5889188a-e6c9-4161-96fa-c370a2a3c89b,Unisex Hoodie DARK / Indigo Blue / M,Indigo Blue-M,4938800554,39.99,true,true,Indigo Blue,#395d82,,M,2025-09-01 03:59:38.006621+00,2025-09-02 04:57:36.088816+00,Indigo Blue,,M
3ac25584-b847-427f-800f-2994e3787f7e,29b2e16a-39e8-4322-aaf1-0529b3973212,Reform UK Cap / Dark Grey,Dark Grey-One Size,4938937573,19.99,true,true,Dark Grey,#39353a,,One Size,2025-09-01 03:59:02.060257+00,2025-09-02 04:57:36.088816+00,Dark Grey,,One Size
3c45e7c8-6642-4331-9d7f-57f3e9397e68,814074c6-e88d-4505-9089-6ac04124ea23,Unisex t-shirt DARK / Black Heather / M,Black Heather-M,4938821283,24.99,true,true,Black Heather,#0b0b0b,,M,2025-09-01 04:00:27.309073+00,2025-09-02 04:57:36.088816+00,Black Heather,,M
3d4f10d7-c8f7-4e83-b7fc-5b6ff4872df2,814074c6-e88d-4505-9089-6ac04124ea23,Unisex t-shirt DARK / Heather Deep Teal / 2XL,Heather Deep Teal-2XL,4938821331,24.99,true,true,Heather Deep Teal,#447085,,2XL,2025-09-01 04:00:27.309073+00,2025-09-02 04:57:36.088816+00,Heather Deep Teal,,2XL
3f8441c4-21a1-4887-8b8c-372a6b52abd4,814074c6-e88d-4505-9089-6ac04124ea23,Unisex t-shirt DARK / Autumn / S,Autumn-S,4938821322,24.99,true,true,Autumn,#c85313,,S,2025-09-01 04:00:27.309073+00,2025-09-02 04:57:36.088816+00,Autumn,,S
40146e52-252d-49cd-91c6-feab58eb0b3d,814074c6-e88d-4505-9089-6ac04124ea23,Unisex t-shirt DARK / Army / S,Army-S,4938821312,24.99,true,true,Army,#5f5849,,S,2025-09-01 04:00:27.309073+00,2025-09-02 04:57:36.088816+00,Army,,S
40b39d28-0ce8-4627-8da1-4f005d7e94f8,814074c6-e88d-4505-9089-6ac04124ea23,Unisex t-shirt DARK / Heather Deep Teal / XL,Heather Deep Teal-XL,4938821330,24.99,true,true,Heather Deep Teal,#447085,,XL,2025-09-01 04:00:27.309073+00,2025-09-02 04:57:36.088816+00,Heather Deep Teal,,XL
42c26fc8-2282-4440-a763-b98cc3221f33,814074c6-e88d-4505-9089-6ac04124ea23,Unisex t-shirt DARK / Army / XL,Army-XL,4938821315,24.99,true,true,Army,#5f5849,,XL,2025-09-01 04:00:27.309073+00,2025-09-02 04:57:36.088816+00,Army,,XL
441edc00-385f-46fd-8c0d-df6b36735664,814074c6-e88d-4505-9089-6ac04124ea23,Unisex t-shirt DARK / Heather Deep Teal / M,Heather Deep Teal-M,4938821328,24.99,true,true,Heather Deep Teal,#447085,,M,2025-09-01 04:00:27.309073+00,2025-09-02 04:57:36.088816+00,Heather Deep Teal,,M
468efa56-0a6c-477b-86b6-482cd6e61c1e,814074c6-e88d-4505-9089-6ac04124ea23,Unisex t-shirt DARK / Autumn / M,Autumn-M,4938821323,24.99,true,true,Autumn,#c85313,,M,2025-09-01 04:00:27.309073+00,2025-09-02 04:57:36.088816+00,Autumn,,M
4f5b6269-323f-474d-9b9e-0f8915e9ad72,5889188a-e6c9-4161-96fa-c370a2a3c89b,Unisex Hoodie DARK / Black / M,Black-M,4938800534,39.99,true,true,Black,#0b0b0b,,M,2025-09-01 03:59:38.006621+00,2025-09-02 04:57:36.088816+00,Black,,M
5010dcf4-11e7-497d-8c69-59fc0f58b310,814074c6-e88d-4505-9089-6ac04124ea23,Unisex t-shirt DARK / Navy / 2XL,Navy-2XL,4938821296,24.99,true,true,Navy,#212642,,2XL,2025-09-01 04:00:27.309073+00,2025-09-02 04:57:36.088816+00,Navy,,2XL
50209adf-d142-4445-b0a7-46c34d25d715,814074c6-e88d-4505-9089-6ac04124ea23,Unisex t-shirt DARK / Asphalt / L,Asphalt-L,4938821309,24.99,true,true,Asphalt,#52514f,,L,2025-09-01 04:00:27.309073+00,2025-09-02 04:57:36.088816+00,Asphalt,,L
53059cb9-edd3-4960-ab39-c6c4140d47e1,814074c6-e88d-4505-9089-6ac04124ea23,Unisex t-shirt DARK / Olive / M,Olive-M,4938821318,24.99,true,true,Olive,#5b642f,,M,2025-09-01 04:00:27.309073+00,2025-09-02 04:57:36.088816+00,Olive,,M
53b5af47-e656-4320-b583-415d6c3c3534,41412063-9f04-42ef-aafd-9800a47238ae,Unisex Hoodie LIGHT / Sport Grey / 2XL,Sport Grey-2XL,4938797549,39.99,true,true,Sport Grey,#9b969c,,2XL,2025-09-01 03:59:48.144924+00,2025-09-02 04:57:36.088816+00,Sport Grey,,2XL
53df7663-c085-43d2-8b1b-b70b7d41febd,5889188a-e6c9-4161-96fa-c370a2a3c89b,Unisex Hoodie DARK / Dark Heather / XL,Dark Heather-XL,4938800551,39.99,true,true,Dark Heather,#47484d,,XL,2025-09-01 03:59:38.006621+00,2025-09-02 04:57:36.088816+00,Dark Heather,,XL
55e7dd3c-2ea4-40af-a39e-902223fe27da,583bc73c-fdd4-4c53-aeb8-a39b73e1371c,Unisex t-shirt LIGHT / Pink / L,Pink-L,4938814140,24.99,true,true,Pink,#fdbfc7,,L,2025-09-01 03:59:24.176924+00,2025-09-02 04:57:36.088816+00,Pink,,L
578f2c77-53f2-4c92-b06b-253286d713af,29b2e16a-39e8-4322-aaf1-0529b3973212,Reform UK Cap / Pink,Pink-One Size,4938937576,19.99,true,true,Pink,#fab2ba,,One Size,2025-09-01 03:59:02.060257+00,2025-09-02 04:57:36.088816+00,Pink,,One Size
5d689d59-8d77-43dc-8126-cd727d237224,814074c6-e88d-4505-9089-6ac04124ea23,Unisex t-shirt DARK / Olive / S,Olive-S,4938821317,24.99,true,true,Olive,#5b642f,,S,2025-09-01 04:00:27.309073+00,2025-09-02 04:57:36.088816+00,Olive,,S
5decd093-9270-4cdb-a37d-75e257a76df9,41412063-9f04-42ef-aafd-9800a47238ae,Unisex Hoodie LIGHT / Sport Grey / S,Sport Grey-S,4938797545,39.99,true,true,Sport Grey,#9b969c,,S,2025-09-01 03:59:48.144924+00,2025-09-02 04:57:36.088816+00,Sport Grey,,S
5fd37c7d-3558-42e0-b3cf-5472df6eabe6,814074c6-e88d-4505-9089-6ac04124ea23,Unisex t-shirt DARK / Black / L,Black-L,4938821289,24.99,true,true,Black,#0c0c0c,,L,2025-09-01 04:00:27.309073+00,2025-09-02 04:57:36.088816+00,Black,,L
605aca72-6d3f-4bb8-9873-14a87b73fec4,814074c6-e88d-4505-9089-6ac04124ea23,Unisex t-shirt DARK / Olive / L,Olive-L,4938821319,24.99,true,true,Olive,#5b642f,,L,2025-09-01 04:00:27.309073+00,2025-09-02 04:57:36.088816+00,Olive,,L
619402c0-7292-42af-b2b0-b7b50b92cfe4,0274bc92-4d93-47a2-a613-6fc2182de5c8,Reform UK Mug,White-11 oz,4938946337,9.99,true,true,White,#FFFFFF,,11 oz,2025-09-01 03:59:50.33257+00,2025-09-01 03:59:50.33257+00,White,,11 oz
63509573-a409-4537-8845-8ad5ae30890b,583bc73c-fdd4-4c53-aeb8-a39b73e1371c,Unisex t-shirt LIGHT / White / L,White-L,4938814165,24.99,true,true,White,#ffffff,,L,2025-09-01 03:59:24.176924+00,2025-09-02 04:57:36.088816+00,White,,L
6434353e-3d9d-4ac3-85ce-b6ab0db98e17,814074c6-e88d-4505-9089-6ac04124ea23,Unisex t-shirt DARK / Steel Blue / S,Steel Blue-S,4938821337,24.99,true,true,Steel Blue,#668ea7,,S,2025-09-01 04:00:27.309073+00,2025-09-02 04:57:36.088816+00,Steel Blue,,S
663a9af4-89da-4c69-8d69-c5ce6dfaf402,29b2e16a-39e8-4322-aaf1-0529b3973212,Reform UK Cap / Khaki,Khaki-One Size,4938937574,19.99,true,true,Khaki,#b49771,,One Size,2025-09-01 03:59:02.060257+00,2025-09-02 04:57:36.088816+00,Khaki,,One Size
665ee839-7163-4404-9abe-20d32386a415,814074c6-e88d-4505-9089-6ac04124ea23,Unisex t-shirt DARK / Dark Grey Heather / M,Dark Grey Heather-M,4938821303,24.99,true,true,Dark Grey Heather,#3E3C3D,,M,2025-09-01 04:00:27.309073+00,2025-09-02 04:57:36.088816+00,Dark Grey Heather,,M
6d54a2bd-6e21-4aca-a320-a414dcb14fee,814074c6-e88d-4505-9089-6ac04124ea23,Unisex t-shirt DARK / Navy / M,Navy-M,4938821293,24.99,true,true,Navy,#212642,,M,2025-09-01 04:00:27.309073+00,2025-09-02 04:57:36.088816+00,Navy,,M
6f492e75-bcf7-43f9-8d77-24a176bd5f68,41412063-9f04-42ef-aafd-9800a47238ae,Unisex Hoodie LIGHT / Sport Grey / M,Sport Grey-M,4938797546,39.99,true,true,Sport Grey,#9b969c,,M,2025-09-01 03:59:48.144924+00,2025-09-02 04:57:36.088816+00,Sport Grey,,M
70473678-490d-4d13-8e63-1d67498ac56f,583bc73c-fdd4-4c53-aeb8-a39b73e1371c,Unisex t-shirt LIGHT / Ash / XL,Ash-XL,4938814161,24.99,true,true,Ash,#f0f1ea,,XL,2025-09-01 03:59:24.176924+00,2025-09-02 04:57:36.088816+00,Ash,,XL
7083ff51-b3cb-4232-8461-ace4cbdd7d1f,583bc73c-fdd4-4c53-aeb8-a39b73e1371c,Unisex t-shirt LIGHT / Heather Dust / 2XL,Heather Dust-2XL,4938814157,24.99,true,true,Heather Dust,#e5d9c9,,2XL,2025-09-01 03:59:24.176924+00,2025-09-02 04:57:36.088816+00,Heather Dust,,2XL
7095852c-fa45-46f2-a0da-2fe2295e0de8,814074c6-e88d-4505-9089-6ac04124ea23,Unisex t-shirt DARK / Olive / XL,Olive-XL,4938821320,24.99,true,true,Olive,#5b642f,,XL,2025-09-01 04:00:27.309073+00,2025-09-02 04:57:36.088816+00,Olive,,XL
711eb8c5-bd8b-412b-8d2f-be647286f6f7,41412063-9f04-42ef-aafd-9800a47238ae,Unisex Hoodie LIGHT / Light Pink / S,Light Pink-S,4938797555,39.99,true,true,Light Pink,#f3d4e3,,S,2025-09-01 03:59:48.144924+00,2025-09-02 04:57:36.088816+00,Light Pink,,S
745cc437-5d37-4e24-9a79-7c40ecec173e,583bc73c-fdd4-4c53-aeb8-a39b73e1371c,Unisex t-shirt LIGHT / Athletic Heather / XL,Athletic Heather-XL,4938814146,24.99,true,true,Athletic Heather,#cececc,,XL,2025-09-01 03:59:24.176924+00,2025-09-02 04:57:36.088816+00,Athletic Heather,,XL
76b1404f-f4dd-4964-a0f5-972fe355ab2d,814074c6-e88d-4505-9089-6ac04124ea23,Unisex t-shirt DARK / Navy / S,Navy-S,4938821292,24.99,true,true,Navy,#212642,,S,2025-09-01 04:00:27.309073+00,2025-09-02 04:57:36.088816+00,Navy,,S
76ee6483-9cc9-40c7-8905-67288e83488c,814074c6-e88d-4505-9089-6ac04124ea23,Unisex t-shirt DARK / Army / M,Army-M,4938821313,24.99,true,true,Army,#5f5849,,M,2025-09-01 04:00:27.309073+00,2025-09-02 04:57:36.088816+00,Army,,M
79ce9c54-16c9-4535-9f43-bfeb521548f2,814074c6-e88d-4505-9089-6ac04124ea23,Unisex t-shirt DARK / Black / XL,Black-XL,4938821290,24.99,true,true,Black,#0c0c0c,,XL,2025-09-01 04:00:27.309073+00,2025-09-02 04:57:36.088816+00,Black,,XL
7b2f400c-dbd8-4ffe-946a-3a64c20d13aa,583bc73c-fdd4-4c53-aeb8-a39b73e1371c,Unisex t-shirt LIGHT / Yellow / S,Yellow-S,4938814148,24.99,true,true,Yellow,#ffd667,,S,2025-09-01 03:59:24.176924+00,2025-09-02 04:57:36.088816+00,Yellow,,S
7c1a5ada-802a-4dc3-b9c0-053b66874853,814074c6-e88d-4505-9089-6ac04124ea23,Unisex t-shirt DARK / Dark Grey Heather / 2XL,Dark Grey Heather-2XL,4938821306,24.99,true,true,Dark Grey Heather,#3E3C3D,,2XL,2025-09-01 04:00:27.309073+00,2025-09-02 04:57:36.088816+00,Dark Grey Heather,,2XL
7d25cf6a-ceb3-4fd1-b24a-78ee2d35a0d6,814074c6-e88d-4505-9089-6ac04124ea23,Unisex t-shirt DARK / Steel Blue / XL,Steel Blue-XL,4938821340,24.99,true,true,Steel Blue,#668ea7,,XL,2025-09-01 04:00:27.309073+00,2025-09-02 04:57:36.088816+00,Steel Blue,,XL
814bcc17-4d53-4c2c-bb95-affa6efcde66,814074c6-e88d-4505-9089-6ac04124ea23,Unisex t-shirt DARK / Heather Deep Teal / S,Heather Deep Teal-S,4938821327,24.99,true,true,Heather Deep Teal,#447085,,S,2025-09-01 04:00:27.309073+00,2025-09-02 04:57:36.088816+00,Heather Deep Teal,,S
81a28f1c-1685-4c26-b624-7c2e9c0204a4,583bc73c-fdd4-4c53-aeb8-a39b73e1371c,Unisex t-shirt LIGHT / White / S,White-S,4938814163,24.99,true,true,White,#ffffff,,S,2025-09-01 03:59:24.176924+00,2025-09-02 04:57:36.088816+00,White,,S
8316f68f-7dd8-4b02-a7f9-ec1b11af73f6,41412063-9f04-42ef-aafd-9800a47238ae,Unisex Hoodie LIGHT / Light Blue / M,Light Blue-M,4938797551,39.99,true,true,Light Blue,#a1c5e1,,M,2025-09-01 03:59:48.144924+00,2025-09-02 04:57:36.088816+00,Light Blue,,M
84da461c-d85e-487f-b62c-8d557b25f2f3,583bc73c-fdd4-4c53-aeb8-a39b73e1371c,Unisex t-shirt LIGHT / Yellow / XL,Yellow-XL,4938814151,24.99,true,true,Yellow,#ffd667,,XL,2025-09-01 03:59:24.176924+00,2025-09-02 04:57:36.088816+00,Yellow,,XL
85621cac-a88d-4fc9-9cc4-391baf67055e,814074c6-e88d-4505-9089-6ac04124ea23,Unisex t-shirt DARK / Asphalt / M,Asphalt-M,4938821308,24.99,true,true,Asphalt,#52514f,,M,2025-09-01 04:00:27.309073+00,2025-09-02 04:57:36.088816+00,Asphalt,,M
898aeef9-e539-4824-9d1e-3bd2133bdfbd,583bc73c-fdd4-4c53-aeb8-a39b73e1371c,Unisex t-shirt LIGHT / Athletic Heather / 2XL,Athletic Heather-2XL,4938814147,24.99,true,true,Athletic Heather,#cececc,,2XL,2025-09-01 03:59:24.176924+00,2025-09-02 04:57:36.088816+00,Athletic Heather,,2XL
8a77d17f-7072-4897-baf3-415a600d0d9e,583bc73c-fdd4-4c53-aeb8-a39b73e1371c,Unisex t-shirt LIGHT / Heather Prism Peach / 2XL,Heather Prism Peach-2XL,4938814137,24.99,true,true,Heather Prism Peach,#f3c2b2,,2XL,2025-09-01 03:59:24.176924+00,2025-09-02 04:57:36.088816+00,Heather Prism Peach,,2XL
8b978ca6-f23e-4f84-9e83-458bc9fdc11d,814074c6-e88d-4505-9089-6ac04124ea23,Unisex t-shirt DARK / Mauve / 2XL,Mauve-2XL,4938821336,24.99,true,true,Mauve,#bf6e6e,,2XL,2025-09-01 04:00:27.309073+00,2025-09-02 04:57:36.088816+00,Mauve,,2XL
8e9e0351-2245-4bf1-9c2e-28df734a0fa7,41412063-9f04-42ef-aafd-9800a47238ae,Unisex Hoodie LIGHT / White / L,White-L,4938797562,39.99,true,true,White,#ffffff,,L,2025-09-01 03:59:48.144924+00,2025-09-02 04:57:36.088816+00,White,,L
8fc64750-a4db-4a29-98ef-b1f8a213ca66,814074c6-e88d-4505-9089-6ac04124ea23,Unisex t-shirt DARK / Mauve / XL,Mauve-XL,4938821335,24.99,true,true,Mauve,#bf6e6e,,XL,2025-09-01 04:00:27.309073+00,2025-09-02 04:57:36.088816+00,Mauve,,XL
91f8003a-cdf0-49b5-98e5-0b4cdad6ba48,583bc73c-fdd4-4c53-aeb8-a39b73e1371c,Unisex t-shirt LIGHT / Yellow / L,Yellow-L,4938814150,24.99,true,true,Yellow,#ffd667,,L,2025-09-01 03:59:24.176924+00,2025-09-02 04:57:36.088816+00,Yellow,,L
949bfa63-4ebc-4b3c-91da-de3b92163f3a,1c0a9021-d98a-4e0e-8069-4e2f362abbbb,Reform UK Sticker,White-3″×3″,4938952082,2.99,true,true,White,#FFFFFF,,3″×3″,2025-09-01 03:58:55.772141+00,2025-09-01 03:58:55.772141+00,White,,3″×3″
98287693-a561-45a1-b861-9266c7d298ec,814074c6-e88d-4505-9089-6ac04124ea23,Unisex t-shirt DARK / Black Heather / XL,Black Heather-XL,4938821285,24.99,true,true,Black Heather,#0b0b0b,,XL,2025-09-01 04:00:27.309073+00,2025-09-02 04:57:36.088816+00,Black Heather,,XL
9989be92-c8b7-440f-800f-da11f43e9e8b,814074c6-e88d-4505-9089-6ac04124ea23,Unisex t-shirt DARK / Army / 2XL,Army-2XL,4938821316,24.99,true,true,Army,#5f5849,,2XL,2025-09-01 04:00:27.309073+00,2025-09-02 04:57:36.088816+00,Army,,2XL
9ad3c1e5-2bac-41d6-a725-b32f017781b8,583bc73c-fdd4-4c53-aeb8-a39b73e1371c,Unisex t-shirt LIGHT / Ash / M,Ash-M,4938814159,24.99,true,true,Ash,#f0f1ea,,M,2025-09-01 03:59:24.176924+00,2025-09-02 04:57:36.088816+00,Ash,,M
9c1cca33-3bba-4ab6-85cd-0ba9e48c3130,29b2e16a-39e8-4322-aaf1-0529b3973212,Reform UK Cap / Stone,Stone-One Size,4938937575,19.99,true,true,Stone,#d6bdad,,One Size,2025-09-01 03:59:02.060257+00,2025-09-02 04:57:36.088816+00,Stone,,One Size
9d0ab649-a452-458d-92f2-4b9f2cc179ef,41412063-9f04-42ef-aafd-9800a47238ae,Unisex Hoodie LIGHT / Light Blue / 2XL,Light Blue-2XL,4938797554,39.99,true,true,Light Blue,#a1c5e1,,2XL,2025-09-01 03:59:48.144924+00,2025-09-02 04:57:36.088816+00,Light Blue,,2XL
9d366d75-3481-4d5f-aaa7-1fb29d5a3291,5889188a-e6c9-4161-96fa-c370a2a3c89b,Unisex Hoodie DARK / Black / S,Black-S,4938800533,39.99,true,true,Black,#0b0b0b,,S,2025-09-01 03:59:38.006621+00,2025-09-02 04:57:36.088816+00,Black,,S
9ebaa66a-299c-40e5-bbd0-34b8d73ae11e,814074c6-e88d-4505-9089-6ac04124ea23,Unisex t-shirt DARK / Steel Blue / L,Steel Blue-L,4938821339,24.99,true,true,Steel Blue,#668ea7,,L,2025-09-01 04:00:27.309073+00,2025-09-02 04:57:36.088816+00,Steel Blue,,L
9f0c4f2a-1c02-4bb9-8731-d1b898e1cc2b,814074c6-e88d-4505-9089-6ac04124ea23,Unisex t-shirt DARK / Red / M,Red-M,4938821298,24.99,true,true,Red,#d0071e,,M,2025-09-01 04:00:27.309073+00,2025-09-02 04:57:36.088816+00,Red,,M
a053b4e6-81f5-4d00-a185-a6d95c2b8911,5889188a-e6c9-4161-96fa-c370a2a3c89b,Unisex Hoodie DARK / Black / 2XL,Black-2XL,4938800537,39.99,true,true,Black,#0b0b0b,,2XL,2025-09-01 03:59:38.006621+00,2025-09-02 04:57:36.088816+00,Black,,2XL
a14e1f21-da07-4960-86bb-45bd637e5d74,583bc73c-fdd4-4c53-aeb8-a39b73e1371c,Unisex t-shirt LIGHT / Ash / 2XL,Ash-2XL,4938814162,24.99,true,true,Ash,#f0f1ea,,2XL,2025-09-01 03:59:24.176924+00,2025-09-02 04:57:36.088816+00,Ash,,2XL
a3004b6f-2258-46c3-a554-e0c12de293aa,583bc73c-fdd4-4c53-aeb8-a39b73e1371c,Unisex t-shirt LIGHT / Pink / XL,Pink-XL,4938814141,24.99,true,true,Pink,#fdbfc7,,XL,2025-09-01 03:59:24.176924+00,2025-09-02 04:57:36.088816+00,Pink,,XL
acfd9115-816f-41f5-a53b-48c37fbd4fb5,583bc73c-fdd4-4c53-aeb8-a39b73e1371c,Unisex t-shirt LIGHT / Mustard / L,Mustard-L,4938814130,24.99,true,true,Mustard,#eda027,,L,2025-09-01 03:59:24.176924+00,2025-09-02 04:57:36.088816+00,Mustard,,L
ad10acdc-c191-4904-9f53-93b83b9ecc74,5889188a-e6c9-4161-96fa-c370a2a3c89b,Unisex Hoodie DARK / Dark Heather / 2XL,Dark Heather-2XL,4938800552,39.99,true,true,Dark Heather,#47484d,,2XL,2025-09-01 03:59:38.006621+00,2025-09-02 04:57:36.088816+00,Dark Heather,,2XL
adff7a2f-e42e-410f-a952-34467f62060e,5889188a-e6c9-4161-96fa-c370a2a3c89b,Unisex Hoodie DARK / Navy / M,Navy-M,4938800539,39.99,true,true,Navy,#131928,,M,2025-09-01 03:59:38.006621+00,2025-09-02 04:57:36.088816+00,Navy,,M
ae9c61c0-82a1-416b-a35c-6017951b774b,583bc73c-fdd4-4c53-aeb8-a39b73e1371c,Unisex t-shirt LIGHT / White / XL,White-XL,4938814166,24.99,true,true,White,#ffffff,,XL,2025-09-01 03:59:24.176924+00,2025-09-02 04:57:36.088816+00,White,,XL
aeff3733-2eef-4264-8bbb-d123e923d3ae,583bc73c-fdd4-4c53-aeb8-a39b73e1371c,Unisex t-shirt LIGHT / Athletic Heather / S,Athletic Heather-S,4938814143,24.99,true,true,Athletic Heather,#cececc,,S,2025-09-01 03:59:24.176924+00,2025-09-02 04:57:36.088816+00,Athletic Heather,,S
b00d50cf-686b-4968-9550-a71d18d0329c,5889188a-e6c9-4161-96fa-c370a2a3c89b,Unisex Hoodie DARK / Red / 2XL,Red-2XL,4938800547,39.99,true,true,Red,#da0a1a,,2XL,2025-09-01 03:59:38.006621+00,2025-09-02 04:57:36.088816+00,Red,,2XL
b02b9905-2554-4c6f-8d1d-7fdcec8bac38,814074c6-e88d-4505-9089-6ac04124ea23,Unisex t-shirt DARK / Dark Grey Heather / S,Dark Grey Heather-S,4938821302,24.99,true,true,Dark Grey Heather,#3E3C3D,,S,2025-09-01 04:00:27.309073+00,2025-09-02 04:57:36.088816+00,Dark Grey Heather,,S
b0e9082b-44fd-4a5a-b25c-172d0039f437,5889188a-e6c9-4161-96fa-c370a2a3c89b,Unisex Hoodie DARK / Red / M,Red-M,4938800544,39.99,true,true,Red,#da0a1a,,M,2025-09-01 03:59:38.006621+00,2025-09-02 04:57:36.088816+00,Red,,M
b11d58b6-515f-4528-81b1-550e2613e9c5,583bc73c-fdd4-4c53-aeb8-a39b73e1371c,Unisex t-shirt LIGHT / Pink / 2XL,Pink-2XL,4938814142,24.99,true,true,Pink,#fdbfc7,,2XL,2025-09-01 03:59:24.176924+00,2025-09-02 04:57:36.088816+00,Pink,,2XL
b30c3c8c-3932-49cd-b881-ee747471a4b4,5889188a-e6c9-4161-96fa-c370a2a3c89b,Unisex Hoodie DARK / Black / L,Black-L,4938800535,39.99,true,true,Black,#0b0b0b,,L,2025-09-01 03:59:38.006621+00,2025-09-02 04:57:36.088816+00,Black,,L
b36c1df9-5327-49f1-8a2b-90bc5fb3502e,583bc73c-fdd4-4c53-aeb8-a39b73e1371c,Unisex t-shirt LIGHT / Ash / L,Ash-L,4938814160,24.99,true,true,Ash,#f0f1ea,,L,2025-09-01 03:59:24.176924+00,2025-09-02 04:57:36.088816+00,Ash,,L
b58e297e-3af1-40d3-ab81-74c02d59f216,5889188a-e6c9-4161-96fa-c370a2a3c89b,Unisex Hoodie DARK / Black / XL,Black-XL,4938800536,39.99,true,true,Black,#0b0b0b,,XL,2025-09-01 03:59:38.006621+00,2025-09-02 04:57:36.088816+00,Black,,XL
b5dae4b8-4356-458b-9b0d-e7b73347c198,5889188a-e6c9-4161-96fa-c370a2a3c89b,Unisex Hoodie DARK / Red / S,Red-S,4938800543,39.99,true,true,Red,#da0a1a,,S,2025-09-01 03:59:38.006621+00,2025-09-02 04:57:36.088816+00,Red,,S
b61f869f-7cba-4303-b2d3-f4a0159655d3,814074c6-e88d-4505-9089-6ac04124ea23,Unisex t-shirt DARK / Red / 2XL,Red-2XL,4938821301,24.99,true,true,Red,#d0071e,,2XL,2025-09-01 04:00:27.309073+00,2025-09-02 04:57:36.088816+00,Red,,2XL
b69bc13e-eba9-4fea-b89a-dafa2dc2bf34,814074c6-e88d-4505-9089-6ac04124ea23,Unisex t-shirt DARK / Navy / XL,Navy-XL,4938821295,24.99,true,true,Navy,#212642,,XL,2025-09-01 04:00:27.309073+00,2025-09-02 04:57:36.088816+00,Navy,,XL
b71d0bca-b17c-4471-b6f8-cf8d486b5336,5889188a-e6c9-4161-96fa-c370a2a3c89b,Unisex Hoodie DARK / Navy / L,Navy-L,4938800540,39.99,true,true,Navy,#131928,,L,2025-09-01 03:59:38.006621+00,2025-09-02 04:57:36.088816+00,Navy,,L
b9096596-856b-4215-8c7e-fe81c0f3700d,814074c6-e88d-4505-9089-6ac04124ea23,Unisex t-shirt DARK / Mauve / M,Mauve-M,4938821333,24.99,true,true,Mauve,#bf6e6e,,M,2025-09-01 04:00:27.309073+00,2025-09-02 04:57:36.088816+00,Mauve,,M
b9d57f48-ccc6-4d06-ad41-09d0a2d632d8,41412063-9f04-42ef-aafd-9800a47238ae,Unisex Hoodie LIGHT / Light Blue / L,Light Blue-L,4938797552,39.99,true,true,Light Blue,#a1c5e1,,L,2025-09-01 03:59:48.144924+00,2025-09-02 04:57:36.088816+00,Light Blue,,L
bb5417ab-554b-4881-8166-fc4e821d8e24,814074c6-e88d-4505-9089-6ac04124ea23,Unisex t-shirt DARK / Black Heather / 2XL,Black Heather-2XL,4938821286,24.99,true,true,Black Heather,#0b0b0b,,2XL,2025-09-01 04:00:27.309073+00,2025-09-02 04:57:36.088816+00,Black Heather,,2XL
bbe702ab-fe1a-4246-91bb-b36f6ff0e8e4,48341979-9106-4d56-b71a-732c41f7aa6e,Reform UK Mouse Pad,"White-8.7""x7.1""",4938942751,14.99,true,true,White,#FFFFFF,,"8.7""x7.1""",2025-09-01 03:58:56.803713+00,2025-09-01 03:58:56.803713+00,White,,"8.7""x7.1"""
bcbf59c1-8001-4675-8158-cb728449038a,41412063-9f04-42ef-aafd-9800a47238ae,Unisex Hoodie LIGHT / Sport Grey / L,Sport Grey-L,4938797547,39.99,true,true,Sport Grey,#9b969c,,L,2025-09-01 03:59:48.144924+00,2025-09-02 04:57:36.088816+00,Sport Grey,,L
bd4162c2-c376-4c8d-9e98-4e05c0bafc48,814074c6-e88d-4505-9089-6ac04124ea23,Unisex t-shirt DARK / Autumn / 2XL,Autumn-2XL,4938821326,24.99,true,true,Autumn,#c85313,,2XL,2025-09-01 04:00:27.309073+00,2025-09-02 04:57:36.088816+00,Autumn,,2XL
c2a0c19c-68b0-4491-a4e4-2936c5367414,583bc73c-fdd4-4c53-aeb8-a39b73e1371c,Unisex t-shirt LIGHT / Heather Dust / L,Heather Dust-L,4938814155,24.99,true,true,Heather Dust,#e5d9c9,,L,2025-09-01 03:59:24.176924+00,2025-09-02 04:57:36.088816+00,Heather Dust,,L
c368af4b-fce0-46df-a836-5c2d1d5133f3,583bc73c-fdd4-4c53-aeb8-a39b73e1371c,Unisex t-shirt LIGHT / Mustard / XL,Mustard-XL,4938814131,24.99,true,true,Mustard,#eda027,,XL,2025-09-01 03:59:24.176924+00,2025-09-02 04:57:36.088816+00,Mustard,,XL
c9ca51d9-fd8f-4dce-8229-2f8726d6ed71,814074c6-e88d-4505-9089-6ac04124ea23,Unisex t-shirt DARK / Olive / 2XL,Olive-2XL,4938821321,24.99,true,true,Olive,#5b642f,,2XL,2025-09-01 04:00:27.309073+00,2025-09-02 04:57:36.088816+00,Olive,,2XL
ce03f357-02f1-4a5d-bf23-b1fe927d93bd,5889188a-e6c9-4161-96fa-c370a2a3c89b,Unisex Hoodie DARK / Dark Heather / M,Dark Heather-M,4938800549,39.99,true,true,Dark Heather,#47484d,,M,2025-09-01 03:59:38.006621+00,2025-09-02 04:57:36.088816+00,Dark Heather,,M
ce253167-d898-4588-86a0-26f5f2894943,814074c6-e88d-4505-9089-6ac04124ea23,Unisex t-shirt DARK / Autumn / L,Autumn-L,4938821324,24.99,true,true,Autumn,#c85313,,L,2025-09-01 04:00:27.309073+00,2025-09-02 04:57:36.088816+00,Autumn,,L
cefa14a9-b37e-42d7-b476-7bdb4f494ea7,583bc73c-fdd4-4c53-aeb8-a39b73e1371c,Unisex t-shirt LIGHT / Heather Dust / M,Heather Dust-M,4938814154,24.99,true,true,Heather Dust,#e5d9c9,,M,2025-09-01 03:59:24.176924+00,2025-09-02 04:57:36.088816+00,Heather Dust,,M
cf1a04a3-64e3-4290-b322-5e7cd5f4ed0a,5889188a-e6c9-4161-96fa-c370a2a3c89b,Unisex Hoodie DARK / Red / XL,Red-XL,4938800546,39.99,true,true,Red,#da0a1a,,XL,2025-09-01 03:59:38.006621+00,2025-09-02 04:57:36.088816+00,Red,,XL
d06a6e3e-11cc-4ae9-8a32-76c7d1dc18d5,814074c6-e88d-4505-9089-6ac04124ea23,Unisex t-shirt DARK / Black / 2XL,Black-2XL,4938821291,24.99,true,true,Black,#0c0c0c,,2XL,2025-09-01 04:00:27.309073+00,2025-09-02 04:57:36.088816+00,Black,,2XL
d1d1d35e-5f00-4be6-879e-24d4dbb5bd93,583bc73c-fdd4-4c53-aeb8-a39b73e1371c,Unisex t-shirt LIGHT / Heather Dust / XL,Heather Dust-XL,4938814156,24.99,true,true,Heather Dust,#e5d9c9,,XL,2025-09-01 03:59:24.176924+00,2025-09-02 04:57:36.088816+00,Heather Dust,,XL
d3cda740-851b-4c8c-8edc-2580acc21830,583bc73c-fdd4-4c53-aeb8-a39b73e1371c,Unisex t-shirt LIGHT / White / M,White-M,4938814164,24.99,true,true,White,#ffffff,,M,2025-09-01 03:59:24.176924+00,2025-09-02 04:57:36.088816+00,White,,M
d47f698f-8583-41b5-b0a9-5410feb471d2,41412063-9f04-42ef-aafd-9800a47238ae,Unisex Hoodie LIGHT / White / 2XL,White-2XL,4938797564,39.99,true,true,White,#ffffff,,2XL,2025-09-01 03:59:48.144924+00,2025-09-02 04:57:36.088816+00,White,,2XL
d4809f3c-b58b-46bc-a11d-aa8f612605f8,583bc73c-fdd4-4c53-aeb8-a39b73e1371c,Unisex t-shirt LIGHT / Pink / M,Pink-M,4938814139,24.99,true,true,Pink,#fdbfc7,,M,2025-09-01 03:59:24.176924+00,2025-09-02 04:57:36.088816+00,Pink,,M
d73cdc47-a9f5-41d8-bc97-e694f6c423c2,41412063-9f04-42ef-aafd-9800a47238ae,Unisex Hoodie LIGHT / Light Blue / S,Light Blue-S,4938797550,39.99,true,true,Light Blue,#a1c5e1,,S,2025-09-01 03:59:48.144924+00,2025-09-02 04:57:36.088816+00,Light Blue,,S
d79a6a24-292f-404d-aabb-956933a44721,814074c6-e88d-4505-9089-6ac04124ea23,Unisex t-shirt DARK / Black / M,Black-M,4938821288,24.99,true,true,Black,#0c0c0c,,M,2025-09-01 04:00:27.309073+00,2025-09-02 04:57:36.088816+00,Black,,M
d8817162-6ce3-4566-a122-4d57e48034e0,5889188a-e6c9-4161-96fa-c370a2a3c89b,Unisex Hoodie DARK / Dark Heather / L,Dark Heather-L,4938800550,39.99,true,true,Dark Heather,#47484d,,L,2025-09-01 03:59:38.006621+00,2025-09-02 04:57:36.088816+00,Dark Heather,,L
dd8d2247-7cfe-4438-8cbe-2742f0c96dcd,29b2e16a-39e8-4322-aaf1-0529b3973212,Reform UK Cap / White,White-One Size,4938937578,19.99,true,true,White,#ffffff,,One Size,2025-09-01 03:59:02.060257+00,2025-09-02 04:57:36.088816+00,White,,One Size
de346755-c9b9-4d83-848e-88bfe5522d6d,814074c6-e88d-4505-9089-6ac04124ea23,Unisex t-shirt DARK / Red / L,Red-L,4938821299,24.99,true,true,Red,#d0071e,,L,2025-09-01 04:00:27.309073+00,2025-09-02 04:57:36.088816+00,Red,,L
deef0391-ab7a-42c4-b8f0-1602a3fb5164,103b8eaf-4ef5-44a1-9c9e-f49c8367f220,Reform UK Tote Bag,Black-One Size,4937855201,24.99,true,true,Black,#000000,,One Size,2025-09-01 03:59:49.28585+00,2025-09-01 03:59:49.28585+00,Black,,One Size
df77aa1b-9ee9-4cc2-8304-e3a2797a9e92,814074c6-e88d-4505-9089-6ac04124ea23,Unisex t-shirt DARK / Dark Grey Heather / XL,Dark Grey Heather-XL,4938821305,24.99,true,true,Dark Grey Heather,#3E3C3D,,XL,2025-09-01 04:00:27.309073+00,2025-09-02 04:57:36.088816+00,Dark Grey Heather,,XL
e056623a-9232-482f-b253-6e08e59a61a4,583bc73c-fdd4-4c53-aeb8-a39b73e1371c,Unisex t-shirt LIGHT / White / 2XL,White-2XL,4938814167,24.99,true,true,White,#ffffff,,2XL,2025-09-01 03:59:24.176924+00,2025-09-02 04:57:36.088816+00,White,,2XL
e27fd5c1-1c44-4065-ba8e-7eb824d28ca0,814074c6-e88d-4505-9089-6ac04124ea23,Unisex t-shirt DARK / Red / S,Red-S,4938821297,24.99,true,true,Red,#d0071e,,S,2025-09-01 04:00:27.309073+00,2025-09-02 04:57:36.088816+00,Red,,S
e2a613a7-252b-4387-8484-5acfca048be8,5889188a-e6c9-4161-96fa-c370a2a3c89b,Unisex Hoodie DARK / Indigo Blue / 2XL,Indigo Blue-2XL,4938800557,39.99,true,true,Indigo Blue,#395d82,,2XL,2025-09-01 03:59:38.006621+00,2025-09-02 04:57:36.088816+00,Indigo Blue,,2XL
e3ee6495-e02f-4832-bafa-431fef0c71c5,5889188a-e6c9-4161-96fa-c370a2a3c89b,Unisex Hoodie DARK / Dark Heather / S,Dark Heather-S,4938800548,39.99,true,true,Dark Heather,#47484d,,S,2025-09-01 03:59:38.006621+00,2025-09-02 04:57:36.088816+00,Dark Heather,,S
e925f1c2-4a9b-4197-9e0f-92e21fcfb622,5889188a-e6c9-4161-96fa-c370a2a3c89b,Unisex Hoodie DARK / Red / L,Red-L,4938800545,39.99,true,true,Red,#da0a1a,,L,2025-09-01 03:59:38.006621+00,2025-09-02 04:57:36.088816+00,Red,,L
e9a4c635-06ec-40d7-adb7-b6fc14525f49,814074c6-e88d-4505-9089-6ac04124ea23,Unisex t-shirt DARK / Black Heather / S,Black Heather-S,4938821282,24.99,true,true,Black Heather,#0b0b0b,,S,2025-09-01 04:00:27.309073+00,2025-09-02 04:57:36.088816+00,Black Heather,,S
ec39e10b-f625-4513-9dc6-0f7b94f813ca,814074c6-e88d-4505-9089-6ac04124ea23,Unisex t-shirt DARK / Steel Blue / M,Steel Blue-M,4938821338,24.99,true,true,Steel Blue,#668ea7,,M,2025-09-01 04:00:27.309073+00,2025-09-02 04:57:36.088816+00,Steel Blue,,M
ecb1bed3-649c-4c29-99b4-4d9322b974b3,41412063-9f04-42ef-aafd-9800a47238ae,Unisex Hoodie LIGHT / Light Blue / XL,Light Blue-XL,4938797553,39.99,true,true,Light Blue,#a1c5e1,,XL,2025-09-01 03:59:48.144924+00,2025-09-02 04:57:36.088816+00,Light Blue,,XL
eea8eca3-1cb6-4e9b-9956-78f04a0a809a,814074c6-e88d-4505-9089-6ac04124ea23,Unisex t-shirt DARK / Black Heather / L,Black Heather-L,4938821284,24.99,true,true,Black Heather,#0b0b0b,,L,2025-09-01 04:00:27.309073+00,2025-09-02 04:57:36.088816+00,Black Heather,,L
ef1c59f5-1101-4be4-b518-6abe12773b63,814074c6-e88d-4505-9089-6ac04124ea23,Unisex t-shirt DARK / Asphalt / 2XL,Asphalt-2XL,4938821311,24.99,true,true,Asphalt,#52514f,,2XL,2025-09-01 04:00:27.309073+00,2025-09-02 04:57:36.088816+00,Asphalt,,2XL
ef2d6021-5a18-47b4-9f86-4410121ddd10,41412063-9f04-42ef-aafd-9800a47238ae,Unisex Hoodie LIGHT / Light Pink / 2XL,Light Pink-2XL,4938797559,39.99,true,true,Light Pink,#f3d4e3,,2XL,2025-09-01 03:59:48.144924+00,2025-09-02 04:57:36.088816+00,Light Pink,,2XL
f20dbfad-79c7-4df6-ab28-19411690784d,583bc73c-fdd4-4c53-aeb8-a39b73e1371c,Unisex t-shirt LIGHT / Athletic Heather / L,Athletic Heather-L,4938814145,24.99,true,true,Athletic Heather,#cececc,,L,2025-09-01 03:59:24.176924+00,2025-09-02 04:57:36.088816+00,Athletic Heather,,L
f260db20-2573-4507-bbf1-6bbe79b80f03,2e7c2ccd-9b4e-413e-aac6-d2be53db9663,Reform UK Water Bottle,White-32 oz,4938941055,24.99,true,true,White,#FFFFFF,,32 oz,2025-09-01 03:59:51.681686+00,2025-09-01 03:59:51.681686+00,White,,32 oz
f26f2e9b-71cb-46a7-bbad-4069ccb90446,814074c6-e88d-4505-9089-6ac04124ea23,Unisex t-shirt DARK / Steel Blue / 2XL,Steel Blue-2XL,4938821341,24.99,true,true,Steel Blue,#668ea7,,2XL,2025-09-01 04:00:27.309073+00,2025-09-02 04:57:36.088816+00,Steel Blue,,2XL
f3fae612-c8aa-43cc-bbdd-6460fb47b90e,5889188a-e6c9-4161-96fa-c370a2a3c89b,Unisex Hoodie DARK / Indigo Blue / S,Indigo Blue-S,4938800553,39.99,true,true,Indigo Blue,#395d82,,S,2025-09-01 03:59:38.006621+00,2025-09-02 04:57:36.088816+00,Indigo Blue,,S
f45cb40b-0fc3-4c9f-bf4f-908c780e1530,583bc73c-fdd4-4c53-aeb8-a39b73e1371c,Unisex t-shirt LIGHT / Mustard / 2XL,Mustard-2XL,4938814132,24.99,true,true,Mustard,#eda027,,2XL,2025-09-01 03:59:24.176924+00,2025-09-02 04:57:36.088816+00,Mustard,,2XL
f64fdaaa-2268-4c79-b2f6-ea86edbd20df,583bc73c-fdd4-4c53-aeb8-a39b73e1371c,Unisex t-shirt LIGHT / Pink / S,Pink-S,4938814138,24.99,true,true,Pink,#fdbfc7,,S,2025-09-01 03:59:24.176924+00,2025-09-02 04:57:36.088816+00,Pink,,S
f727a7dd-b9c6-4f9a-95bf-7073a887e9f2,583bc73c-fdd4-4c53-aeb8-a39b73e1371c,Unisex t-shirt LIGHT / Heather Prism Peach / S,Heather Prism Peach-S,4938814133,24.99,true,true,Heather Prism Peach,#f3c2b2,,S,2025-09-01 03:59:24.176924+00,2025-09-02 04:57:36.088816+00,Heather Prism Peach,,S
f816ef24-aa93-459c-a722-ae809b93fe4a,583bc73c-fdd4-4c53-aeb8-a39b73e1371c,Unisex t-shirt LIGHT / Mustard / M,Mustard-M,4938814129,24.99,true,true,Mustard,#eda027,,M,2025-09-01 03:59:24.176924+00,2025-09-02 04:57:36.088816+00,Mustard,,M
f865121b-0c61-4951-9dba-653c007c41ca,814074c6-e88d-4505-9089-6ac04124ea23,Unisex t-shirt DARK / Red / XL,Red-XL,4938821300,24.99,true,true,Red,#d0071e,,XL,2025-09-01 04:00:27.309073+00,2025-09-02 04:57:36.088816+00,Red,,XL
f8c708ff-1fb1-45b4-8398-f3ec17f61bb4,814074c6-e88d-4505-9089-6ac04124ea23,Unisex t-shirt DARK / Navy / L,Navy-L,4938821294,24.99,true,true,Navy,#212642,,L,2025-09-01 04:00:27.309073+00,2025-09-02 04:57:36.088816+00,Navy,,L
fa34616c-14b1-4a0a-9aff-396936785038,41412063-9f04-42ef-aafd-9800a47238ae,Unisex Hoodie LIGHT / Light Pink / L,Light Pink-L,4938797557,39.99,true,true,Light Pink,#f3d4e3,,L,2025-09-01 03:59:48.144924+00,2025-09-02 04:57:36.088816+00,Light Pink,,L
fbfa9884-9106-46c7-8024-84cd8999d577,814074c6-e88d-4505-9089-6ac04124ea23,Unisex t-shirt DARK / Black / S,Black-S,4938821287,24.99,true,true,Black,#0c0c0c,,S,2025-09-01 04:00:27.309073+00,2025-09-02 04:57:36.088816+00,Black,,S
fc07ec58-3343-471f-b608-6baa4eb23611,814074c6-e88d-4505-9089-6ac04124ea23,Unisex t-shirt DARK / Mauve / L,Mauve-L,4938821334,24.99,true,true,Mauve,#bf6e6e,,L,2025-09-01 04:00:27.309073+00,2025-09-02 04:57:36.088816+00,Mauve,,L